uid,filename
file000_000000000_loc05_day1,file000_000000000_loc05_day1.wav
file000_007680000_loc05_day1,file000_007680000_loc05_day1.wav
file000_021600000_loc05_day1,file000_021600000_loc05_day1.wav
file000_023040000_loc05_day1,file000_023040000_loc05_day1.wav
file000_024480000_loc05_day1,file000_024480000_loc05_day1.wav
file000_026880000_loc05_day1,file000_026880000_loc05_day1.wav
file000_036960000_loc05_day1,file000_036960000_loc05_day1.wav
file000_042720000_loc05_day1,file000_042720000_loc05_day1.wav
file001_000000000_loc05_day1,file001_000000000_loc05_day1.wav
file001_035520000_loc05_day1,file001_035520000_loc05_day1.wav
file002_000000000_loc05_day1,file002_000000000_loc05_day1.wav
file002_026400000_loc05_day1,file002_026400000_loc05_day1.wav
file003_000000000_loc05_day1,file003_000000000_loc05_day1.wav
file003_003360000_loc05_day1,file003_003360000_loc05_day1.wav
file003_043200000_loc05_day1,file003_043200000_loc05_day1.wav
file004_000000000_loc05_day1,file004_000000000_loc05_day1.wav
file004_021120000_loc05_day1,file004_021120000_loc05_day1.wav
file004_057120000_loc05_day1,file004_057120000_loc05_day1.wav
file005_000000000_loc05_day1,file005_000000000_loc05_day1.wav
file005_004320000_loc05_day1,file005_004320000_loc05_day1.wav
file005_008640000_loc05_day1,file005_008640000_loc05_day1.wav
file005_019680000_loc05_day1,file005_019680000_loc05_day1.wav
file005_020640000_loc05_day1,file005_020640000_loc05_day1.wav
file005_055680000_loc05_day1,file005_055680000_loc05_day1.wav
file005_057120000_loc05_day1,file005_057120000_loc05_day1.wav
file006_000000000_loc06_day1,file006_000000000_loc06_day1.wav
file006_032640000_loc06_day1,file006_032640000_loc06_day1.wav
file007_000000000_loc06_day1,file007_000000000_loc06_day1.wav
file007_037920000_loc06_day1,file007_037920000_loc06_day1.wav
file008_000000000_loc06_day1,file008_000000000_loc06_day1.wav
file009_000000000_loc06_day1,file009_000000000_loc06_day1.wav
file010_000000000_loc06_day1,file010_000000000_loc06_day1.wav
file010_029760000_loc06_day1,file010_029760000_loc06_day1.wav
file011_000000000_loc05_day2,file011_000000000_loc05_day2.wav
file011_007200000_loc05_day2,file011_007200000_loc05_day2.wav
file011_025920000_loc05_day2,file011_025920000_loc05_day2.wav
file011_033600000_loc05_day2,file011_033600000_loc05_day2.wav
file011_056640000_loc05_day2,file011_056640000_loc05_day2.wav
file012_000000000_loc05_day2,file012_000000000_loc05_day2.wav
file012_001440000_loc05_day2,file012_001440000_loc05_day2.wav
file012_007680000_loc05_day2,file012_007680000_loc05_day2.wav
file012_009600000_loc05_day2,file012_009600000_loc05_day2.wav
file012_010560000_loc05_day2,file012_010560000_loc05_day2.wav
file012_012000000_loc05_day2,file012_012000000_loc05_day2.wav
file012_017280000_loc05_day2,file012_017280000_loc05_day2.wav
file012_019200000_loc05_day2,file012_019200000_loc05_day2.wav
file012_027360000_loc05_day2,file012_027360000_loc05_day2.wav
file012_029280000_loc05_day2,file012_029280000_loc05_day2.wav
file012_030720000_loc05_day2,file012_030720000_loc05_day2.wav
file012_032640000_loc05_day2,file012_032640000_loc05_day2.wav
file012_035040000_loc05_day2,file012_035040000_loc05_day2.wav
file012_036000000_loc05_day2,file012_036000000_loc05_day2.wav
file012_037920000_loc05_day2,file012_037920000_loc05_day2.wav
file012_039840000_loc05_day2,file012_039840000_loc05_day2.wav
file012_042720000_loc05_day2,file012_042720000_loc05_day2.wav
file012_048000000_loc05_day2,file012_048000000_loc05_day2.wav
file012_049440000_loc05_day2,file012_049440000_loc05_day2.wav
file012_050400000_loc05_day2,file012_050400000_loc05_day2.wav
file012_051840000_loc05_day2,file012_051840000_loc05_day2.wav
file012_053280000_loc05_day2,file012_053280000_loc05_day2.wav
file012_056160000_loc05_day2,file012_056160000_loc05_day2.wav
file012_057120000_loc05_day2,file012_057120000_loc05_day2.wav
file013_000000000_loc05_day2,file013_000000000_loc05_day2.wav
file013_000960000_loc05_day2,file013_000960000_loc05_day2.wav
file013_002880000_loc05_day2,file013_002880000_loc05_day2.wav
file013_003840000_loc05_day2,file013_003840000_loc05_day2.wav
file013_007680000_loc05_day2,file013_007680000_loc05_day2.wav
file013_010560000_loc05_day2,file013_010560000_loc05_day2.wav
file013_015840000_loc05_day2,file013_015840000_loc05_day2.wav
file013_021120000_loc05_day2,file013_021120000_loc05_day2.wav
file013_022560000_loc05_day2,file013_022560000_loc05_day2.wav
file013_023520000_loc05_day2,file013_023520000_loc05_day2.wav
file013_026400000_loc05_day2,file013_026400000_loc05_day2.wav
file013_028320000_loc05_day2,file013_028320000_loc05_day2.wav
file013_033120000_loc05_day2,file013_033120000_loc05_day2.wav
file013_037440000_loc05_day2,file013_037440000_loc05_day2.wav
file013_044640000_loc05_day2,file013_044640000_loc05_day2.wav
file013_045600000_loc05_day2,file013_045600000_loc05_day2.wav
file013_046560000_loc05_day2,file013_046560000_loc05_day2.wav
file013_049920000_loc05_day2,file013_049920000_loc05_day2.wav
file013_052800000_loc05_day2,file013_052800000_loc05_day2.wav
file013_053760000_loc05_day2,file013_053760000_loc05_day2.wav
file013_055200000_loc05_day2,file013_055200000_loc05_day2.wav
file013_056160000_loc05_day2,file013_056160000_loc05_day2.wav
file013_057120000_loc05_day2,file013_057120000_loc05_day2.wav
file014_000480000_loc05_day2,file014_000480000_loc05_day2.wav
file014_002880000_loc05_day2,file014_002880000_loc05_day2.wav
file014_006240000_loc05_day2,file014_006240000_loc05_day2.wav
file014_007200000_loc05_day2,file014_007200000_loc05_day2.wav
file014_010080000_loc05_day2,file014_010080000_loc05_day2.wav
file014_012000000_loc05_day2,file014_012000000_loc05_day2.wav
file014_012960000_loc05_day2,file014_012960000_loc05_day2.wav
file014_016320000_loc05_day2,file014_016320000_loc05_day2.wav
file014_021120000_loc05_day2,file014_021120000_loc05_day2.wav
file014_023040000_loc05_day2,file014_023040000_loc05_day2.wav
file014_024480000_loc05_day2,file014_024480000_loc05_day2.wav
file014_027360000_loc05_day2,file014_027360000_loc05_day2.wav
file014_030240000_loc05_day2,file014_030240000_loc05_day2.wav
file014_032640000_loc05_day2,file014_032640000_loc05_day2.wav
file014_035040000_loc05_day2,file014_035040000_loc05_day2.wav
file014_036000000_loc05_day2,file014_036000000_loc05_day2.wav
file014_037920000_loc05_day2,file014_037920000_loc05_day2.wav
file014_038880000_loc05_day2,file014_038880000_loc05_day2.wav
file014_040320000_loc05_day2,file014_040320000_loc05_day2.wav
file014_041280000_loc05_day2,file014_041280000_loc05_day2.wav
file014_043680000_loc05_day2,file014_043680000_loc05_day2.wav
file014_050400000_loc05_day2,file014_050400000_loc05_day2.wav
file014_055200000_loc05_day2,file014_055200000_loc05_day2.wav
file014_056640000_loc05_day2,file014_056640000_loc05_day2.wav
file015_000000000_loc05_day2,file015_000000000_loc05_day2.wav
file015_001920000_loc05_day2,file015_001920000_loc05_day2.wav
file015_002880000_loc05_day2,file015_002880000_loc05_day2.wav
file015_005760000_loc05_day2,file015_005760000_loc05_day2.wav
file015_008640000_loc05_day2,file015_008640000_loc05_day2.wav
file015_013920000_loc05_day2,file015_013920000_loc05_day2.wav
file015_014880000_loc05_day2,file015_014880000_loc05_day2.wav
file015_017280000_loc05_day2,file015_017280000_loc05_day2.wav
file015_021120000_loc05_day2,file015_021120000_loc05_day2.wav
file015_024480000_loc05_day2,file015_024480000_loc05_day2.wav
file015_026880000_loc05_day2,file015_026880000_loc05_day2.wav
file015_028320000_loc05_day2,file015_028320000_loc05_day2.wav
file015_039840000_loc05_day2,file015_039840000_loc05_day2.wav
file015_041760000_loc05_day2,file015_041760000_loc05_day2.wav
file015_049440000_loc05_day2,file015_049440000_loc05_day2.wav
file015_051840000_loc05_day2,file015_051840000_loc05_day2.wav
file015_055680000_loc05_day2,file015_055680000_loc05_day2.wav
file016_000000000_loc05_day2,file016_000000000_loc05_day2.wav
file016_002400000_loc05_day2,file016_002400000_loc05_day2.wav
file016_003360000_loc05_day2,file016_003360000_loc05_day2.wav
file016_039360000_loc05_day2,file016_039360000_loc05_day2.wav
file016_047040000_loc05_day2,file016_047040000_loc05_day2.wav
file017_000000000_loc05_day2,file017_000000000_loc05_day2.wav
file017_007680000_loc05_day2,file017_007680000_loc05_day2.wav
file017_019200000_loc05_day2,file017_019200000_loc05_day2.wav
file017_037920000_loc05_day2,file017_037920000_loc05_day2.wav
file017_048960000_loc05_day2,file017_048960000_loc05_day2.wav
file017_052800000_loc05_day2,file017_052800000_loc05_day2.wav
file017_056640000_loc05_day2,file017_056640000_loc05_day2.wav
file018_000000000_loc05_day3,file018_000000000_loc05_day3.wav
file018_000960000_loc05_day3,file018_000960000_loc05_day3.wav
file018_004800000_loc05_day3,file018_004800000_loc05_day3.wav
file018_005760000_loc05_day3,file018_005760000_loc05_day3.wav
file018_006720000_loc05_day3,file018_006720000_loc05_day3.wav
file018_010080000_loc05_day3,file018_010080000_loc05_day3.wav
file018_013920000_loc05_day3,file018_013920000_loc05_day3.wav
file018_014880000_loc05_day3,file018_014880000_loc05_day3.wav
file018_017280000_loc05_day3,file018_017280000_loc05_day3.wav
file019_016320000_loc05_day3,file019_016320000_loc05_day3.wav
file019_028320000_loc05_day3,file019_028320000_loc05_day3.wav
file019_032640000_loc05_day3,file019_032640000_loc05_day3.wav
file019_036000000_loc05_day3,file019_036000000_loc05_day3.wav
file019_039840000_loc05_day3,file019_039840000_loc05_day3.wav
file019_042720000_loc05_day3,file019_042720000_loc05_day3.wav
file020_000000000_loc05_day3,file020_000000000_loc05_day3.wav
file020_011040000_loc05_day3,file020_011040000_loc05_day3.wav
file020_012000000_loc05_day3,file020_012000000_loc05_day3.wav
file020_018720000_loc05_day3,file020_018720000_loc05_day3.wav
file020_019680000_loc05_day3,file020_019680000_loc05_day3.wav
file020_023520000_loc05_day3,file020_023520000_loc05_day3.wav
file020_039360000_loc05_day3,file020_039360000_loc05_day3.wav
file020_040320000_loc05_day3,file020_040320000_loc05_day3.wav
file020_046560000_loc05_day3,file020_046560000_loc05_day3.wav
file020_048000000_loc05_day3,file020_048000000_loc05_day3.wav
file020_049920000_loc05_day3,file020_049920000_loc05_day3.wav
file020_054240000_loc05_day3,file020_054240000_loc05_day3.wav
file020_055200000_loc05_day3,file020_055200000_loc05_day3.wav
file021_000480000_loc05_day3,file021_000480000_loc05_day3.wav
file021_004320000_loc05_day3,file021_004320000_loc05_day3.wav
file021_005280000_loc05_day3,file021_005280000_loc05_day3.wav
file021_006720000_loc05_day3,file021_006720000_loc05_day3.wav
file021_016800000_loc05_day3,file021_016800000_loc05_day3.wav
file021_019200000_loc05_day3,file021_019200000_loc05_day3.wav
file021_026880000_loc05_day3,file021_026880000_loc05_day3.wav
file021_030240000_loc05_day3,file021_030240000_loc05_day3.wav
file021_036000000_loc05_day3,file021_036000000_loc05_day3.wav
file021_046560000_loc05_day3,file021_046560000_loc05_day3.wav
file022_000000000_loc05_day3,file022_000000000_loc05_day3.wav
file022_003360000_loc05_day3,file022_003360000_loc05_day3.wav
file022_040320000_loc05_day3,file022_040320000_loc05_day3.wav
file022_046080000_loc05_day3,file022_046080000_loc05_day3.wav
file022_056160000_loc05_day3,file022_056160000_loc05_day3.wav
file023_001920000_loc05_day3,file023_001920000_loc05_day3.wav
file023_003360000_loc05_day3,file023_003360000_loc05_day3.wav
file023_005280000_loc05_day3,file023_005280000_loc05_day3.wav
file023_006720000_loc05_day3,file023_006720000_loc05_day3.wav
file023_007680000_loc05_day3,file023_007680000_loc05_day3.wav
file023_014880000_loc05_day3,file023_014880000_loc05_day3.wav
file023_017280000_loc05_day3,file023_017280000_loc05_day3.wav
file023_018720000_loc05_day3,file023_018720000_loc05_day3.wav
file023_019680000_loc05_day3,file023_019680000_loc05_day3.wav
file023_021120000_loc05_day3,file023_021120000_loc05_day3.wav
file023_022560000_loc05_day3,file023_022560000_loc05_day3.wav
file023_024960000_loc05_day3,file023_024960000_loc05_day3.wav
file023_026400000_loc05_day3,file023_026400000_loc05_day3.wav
file023_031680000_loc05_day3,file023_031680000_loc05_day3.wav
file023_033600000_loc05_day3,file023_033600000_loc05_day3.wav
file023_035520000_loc05_day3,file023_035520000_loc05_day3.wav
file023_038880000_loc05_day3,file023_038880000_loc05_day3.wav
file023_042240000_loc05_day3,file023_042240000_loc05_day3.wav
file023_044640000_loc05_day3,file023_044640000_loc05_day3.wav
file023_046560000_loc05_day3,file023_046560000_loc05_day3.wav
file023_047520000_loc05_day3,file023_047520000_loc05_day3.wav
file023_051840000_loc05_day3,file023_051840000_loc05_day3.wav
file023_052800000_loc05_day3,file023_052800000_loc05_day3.wav
file023_056640000_loc05_day3,file023_056640000_loc05_day3.wav
file024_000000000_loc05_day3,file024_000000000_loc05_day3.wav
file024_003840000_loc05_day3,file024_003840000_loc05_day3.wav
file024_011040000_loc05_day3,file024_011040000_loc05_day3.wav
file024_014400000_loc05_day3,file024_014400000_loc05_day3.wav
file024_015360000_loc05_day3,file024_015360000_loc05_day3.wav
file024_019680000_loc05_day3,file024_019680000_loc05_day3.wav
file024_020640000_loc05_day3,file024_020640000_loc05_day3.wav
file024_025440000_loc05_day3,file024_025440000_loc05_day3.wav
file024_027840000_loc05_day3,file024_027840000_loc05_day3.wav
file024_029280000_loc05_day3,file024_029280000_loc05_day3.wav
file024_030720000_loc05_day3,file024_030720000_loc05_day3.wav
file024_033600000_loc05_day3,file024_033600000_loc05_day3.wav
file024_036000000_loc05_day3,file024_036000000_loc05_day3.wav
file024_037920000_loc05_day3,file024_037920000_loc05_day3.wav
file024_040320000_loc05_day3,file024_040320000_loc05_day3.wav
file024_042720000_loc05_day3,file024_042720000_loc05_day3.wav
file024_044160000_loc05_day3,file024_044160000_loc05_day3.wav
file024_048000000_loc05_day3,file024_048000000_loc05_day3.wav
file024_051840000_loc05_day3,file024_051840000_loc05_day3.wav
file024_052800000_loc05_day3,file024_052800000_loc05_day3.wav
file024_054240000_loc05_day3,file024_054240000_loc05_day3.wav
file024_056640000_loc05_day3,file024_056640000_loc05_day3.wav
file025_001440000_loc05_day3,file025_001440000_loc05_day3.wav
file025_011520000_loc05_day3,file025_011520000_loc05_day3.wav
file025_014880000_loc05_day3,file025_014880000_loc05_day3.wav
file025_016800000_loc05_day3,file025_016800000_loc05_day3.wav
file025_019680000_loc05_day3,file025_019680000_loc05_day3.wav
file025_022080000_loc05_day3,file025_022080000_loc05_day3.wav
file025_025440000_loc05_day3,file025_025440000_loc05_day3.wav
file025_027840000_loc05_day3,file025_027840000_loc05_day3.wav
file025_029280000_loc05_day3,file025_029280000_loc05_day3.wav
file025_031680000_loc05_day3,file025_031680000_loc05_day3.wav
file025_033600000_loc05_day3,file025_033600000_loc05_day3.wav
file025_036000000_loc05_day3,file025_036000000_loc05_day3.wav
file025_037440000_loc05_day3,file025_037440000_loc05_day3.wav
file025_046080000_loc05_day3,file025_046080000_loc05_day3.wav
file025_048480000_loc05_day3,file025_048480000_loc05_day3.wav
file025_050400000_loc05_day3,file025_050400000_loc05_day3.wav
file025_052800000_loc05_day3,file025_052800000_loc05_day3.wav
file026_000000000_loc05_day3,file026_000000000_loc05_day3.wav
file026_002400000_loc05_day3,file026_002400000_loc05_day3.wav
file026_005760000_loc05_day3,file026_005760000_loc05_day3.wav
file026_007200000_loc05_day3,file026_007200000_loc05_day3.wav
file026_016320000_loc05_day3,file026_016320000_loc05_day3.wav
file026_022560000_loc05_day3,file026_022560000_loc05_day3.wav
file026_023520000_loc05_day3,file026_023520000_loc05_day3.wav
file026_024960000_loc05_day3,file026_024960000_loc05_day3.wav
file026_028800000_loc05_day3,file026_028800000_loc05_day3.wav
file026_033600000_loc05_day3,file026_033600000_loc05_day3.wav
file026_035520000_loc05_day3,file026_035520000_loc05_day3.wav
file026_039360000_loc05_day3,file026_039360000_loc05_day3.wav
file026_040320000_loc05_day3,file026_040320000_loc05_day3.wav
file026_048000000_loc05_day3,file026_048000000_loc05_day3.wav
file026_057120000_loc05_day3,file026_057120000_loc05_day3.wav
file027_000000000_loc05_day3,file027_000000000_loc05_day3.wav
file027_002400000_loc05_day3,file027_002400000_loc05_day3.wav
file027_003360000_loc05_day3,file027_003360000_loc05_day3.wav
file027_006720000_loc05_day3,file027_006720000_loc05_day3.wav
file027_010560000_loc05_day3,file027_010560000_loc05_day3.wav
file027_017760000_loc05_day3,file027_017760000_loc05_day3.wav
file027_024000000_loc05_day3,file027_024000000_loc05_day3.wav
file027_025440000_loc05_day3,file027_025440000_loc05_day3.wav
file027_029760000_loc05_day3,file027_029760000_loc05_day3.wav
file027_031200000_loc05_day3,file027_031200000_loc05_day3.wav
file027_032160000_loc05_day3,file027_032160000_loc05_day3.wav
file027_034560000_loc05_day3,file027_034560000_loc05_day3.wav
file027_036960000_loc05_day3,file027_036960000_loc05_day3.wav
file027_040800000_loc05_day3,file027_040800000_loc05_day3.wav
file027_043200000_loc05_day3,file027_043200000_loc05_day3.wav
file027_045120000_loc05_day3,file027_045120000_loc05_day3.wav
file027_048960000_loc05_day3,file027_048960000_loc05_day3.wav
file027_053280000_loc05_day3,file027_053280000_loc05_day3.wav
file027_056160000_loc05_day3,file027_056160000_loc05_day3.wav
file028_000480000_loc05_day3,file028_000480000_loc05_day3.wav
file028_017280000_loc05_day3,file028_017280000_loc05_day3.wav
file028_018720000_loc05_day3,file028_018720000_loc05_day3.wav
file028_020640000_loc05_day3,file028_020640000_loc05_day3.wav
file028_023520000_loc05_day3,file028_023520000_loc05_day3.wav
file028_025920000_loc05_day3,file028_025920000_loc05_day3.wav
file028_027840000_loc05_day3,file028_027840000_loc05_day3.wav
file028_031200000_loc05_day3,file028_031200000_loc05_day3.wav
file028_033600000_loc05_day3,file028_033600000_loc05_day3.wav
file028_044160000_loc05_day3,file028_044160000_loc05_day3.wav
file028_051840000_loc05_day3,file028_051840000_loc05_day3.wav
file028_053280000_loc05_day3,file028_053280000_loc05_day3.wav
file029_000000000_loc06_day2,file029_000000000_loc06_day2.wav
file030_000000000_loc06_day2,file030_000000000_loc06_day2.wav
file031_000000000_loc06_day2,file031_000000000_loc06_day2.wav
file031_046560000_loc06_day2,file031_046560000_loc06_day2.wav
file032_000000000_loc06_day3,file032_000000000_loc06_day3.wav
file032_002880000_loc06_day3,file032_002880000_loc06_day3.wav
file032_009120000_loc06_day3,file032_009120000_loc06_day3.wav
file032_012000000_loc06_day3,file032_012000000_loc06_day3.wav
file032_015360000_loc06_day3,file032_015360000_loc06_day3.wav
file032_020160000_loc06_day3,file032_020160000_loc06_day3.wav
file032_021120000_loc06_day3,file032_021120000_loc06_day3.wav
file032_024960000_loc06_day3,file032_024960000_loc06_day3.wav
file032_027360000_loc06_day3,file032_027360000_loc06_day3.wav
file032_042720000_loc06_day3,file032_042720000_loc06_day3.wav
file032_046560000_loc06_day3,file032_046560000_loc06_day3.wav
file032_050400000_loc06_day3,file032_050400000_loc06_day3.wav
file033_000000000_loc06_day3,file033_000000000_loc06_day3.wav
file034_000000000_loc06_day3,file034_000000000_loc06_day3.wav
file036_000000000_loc06_day3,file036_000000000_loc06_day3.wav
file037_000000000_loc06_day3,file037_000000000_loc06_day3.wav
file038_000000000_loc05_day4,file038_000000000_loc05_day4.wav
file038_004320000_loc05_day4,file038_004320000_loc05_day4.wav
file038_005760000_loc05_day4,file038_005760000_loc05_day4.wav
file038_009120000_loc05_day4,file038_009120000_loc05_day4.wav
file038_016320000_loc05_day4,file038_016320000_loc05_day4.wav
file038_024000000_loc05_day4,file038_024000000_loc05_day4.wav
file038_027360000_loc05_day4,file038_027360000_loc05_day4.wav
file038_028800000_loc05_day4,file038_028800000_loc05_day4.wav
file038_031200000_loc05_day4,file038_031200000_loc05_day4.wav
file038_034080000_loc05_day4,file038_034080000_loc05_day4.wav
file038_037440000_loc05_day4,file038_037440000_loc05_day4.wav
file038_040320000_loc05_day4,file038_040320000_loc05_day4.wav
file038_044640000_loc05_day4,file038_044640000_loc05_day4.wav
file038_046080000_loc05_day4,file038_046080000_loc05_day4.wav
file038_048480000_loc05_day4,file038_048480000_loc05_day4.wav
file038_049440000_loc05_day4,file038_049440000_loc05_day4.wav
file038_051840000_loc05_day4,file038_051840000_loc05_day4.wav
file038_053280000_loc05_day4,file038_053280000_loc05_day4.wav
file038_054240000_loc05_day4,file038_054240000_loc05_day4.wav
file038_055680000_loc05_day4,file038_055680000_loc05_day4.wav
file039_000000000_loc05_day4,file039_000000000_loc05_day4.wav
file039_012480000_loc05_day4,file039_012480000_loc05_day4.wav
file039_017280000_loc05_day4,file039_017280000_loc05_day4.wav
file039_022560000_loc05_day4,file039_022560000_loc05_day4.wav
file039_024960000_loc05_day4,file039_024960000_loc05_day4.wav
file039_030720000_loc05_day4,file039_030720000_loc05_day4.wav
file039_034080000_loc05_day4,file039_034080000_loc05_day4.wav
file039_036960000_loc05_day4,file039_036960000_loc05_day4.wav
file039_042720000_loc05_day4,file039_042720000_loc05_day4.wav
file039_052320000_loc05_day4,file039_052320000_loc05_day4.wav
file039_053280000_loc05_day4,file039_053280000_loc05_day4.wav
file039_058080000_loc05_day4,file039_058080000_loc05_day4.wav
file039_059520000_loc05_day4,file039_059520000_loc05_day4.wav
file040_000480000_loc05_day4,file040_000480000_loc05_day4.wav
file040_001920000_loc05_day4,file040_001920000_loc05_day4.wav
file040_002880000_loc05_day4,file040_002880000_loc05_day4.wav
file040_005760000_loc05_day4,file040_005760000_loc05_day4.wav
file040_007680000_loc05_day4,file040_007680000_loc05_day4.wav
file040_008640000_loc05_day4,file040_008640000_loc05_day4.wav
file040_011040000_loc05_day4,file040_011040000_loc05_day4.wav
file040_012480000_loc05_day4,file040_012480000_loc05_day4.wav
file040_017280000_loc05_day4,file040_017280000_loc05_day4.wav
file040_018240000_loc05_day4,file040_018240000_loc05_day4.wav
file040_037440000_loc05_day4,file040_037440000_loc05_day4.wav
file040_038400000_loc05_day4,file040_038400000_loc05_day4.wav
file040_039840000_loc05_day4,file040_039840000_loc05_day4.wav
file040_042240000_loc05_day4,file040_042240000_loc05_day4.wav
file040_045600000_loc05_day4,file040_045600000_loc05_day4.wav
file040_046560000_loc05_day4,file040_046560000_loc05_day4.wav
file040_048480000_loc05_day4,file040_048480000_loc05_day4.wav
file040_049920000_loc05_day4,file040_049920000_loc05_day4.wav
file040_051840000_loc05_day4,file040_051840000_loc05_day4.wav
file040_055200000_loc05_day4,file040_055200000_loc05_day4.wav
file040_059040000_loc05_day4,file040_059040000_loc05_day4.wav
file041_000000000_loc05_day4,file041_000000000_loc05_day4.wav
file041_003840000_loc05_day4,file041_003840000_loc05_day4.wav
file041_005280000_loc05_day4,file041_005280000_loc05_day4.wav
file041_009120000_loc05_day4,file041_009120000_loc05_day4.wav
file041_011520000_loc05_day4,file041_011520000_loc05_day4.wav
file041_022560000_loc05_day4,file041_022560000_loc05_day4.wav
file041_046080000_loc05_day4,file041_046080000_loc05_day4.wav
file041_047040000_loc05_day4,file041_047040000_loc05_day4.wav
file041_052320000_loc05_day4,file041_052320000_loc05_day4.wav
file041_055200000_loc05_day4,file041_055200000_loc05_day4.wav
file042_000000000_loc05_day4,file042_000000000_loc05_day4.wav
file042_001440000_loc05_day4,file042_001440000_loc05_day4.wav
file042_004320000_loc05_day4,file042_004320000_loc05_day4.wav
file042_006240000_loc05_day4,file042_006240000_loc05_day4.wav
file042_015360000_loc05_day4,file042_015360000_loc05_day4.wav
file042_028800000_loc05_day4,file042_028800000_loc05_day4.wav
file042_032640000_loc05_day4,file042_032640000_loc05_day4.wav
file042_034080000_loc05_day4,file042_034080000_loc05_day4.wav
file042_035520000_loc05_day4,file042_035520000_loc05_day4.wav
file042_039360000_loc05_day4,file042_039360000_loc05_day4.wav
file042_040800000_loc05_day4,file042_040800000_loc05_day4.wav
file042_042240000_loc05_day4,file042_042240000_loc05_day4.wav
file042_043200000_loc05_day4,file042_043200000_loc05_day4.wav
file042_047520000_loc05_day4,file042_047520000_loc05_day4.wav
file042_049920000_loc05_day4,file042_049920000_loc05_day4.wav
file043_000000000_loc05_day4,file043_000000000_loc05_day4.wav
file043_005280000_loc05_day4,file043_005280000_loc05_day4.wav
file044_000000000_loc05_day4,file044_000000000_loc05_day4.wav
file044_023040000_loc05_day4,file044_023040000_loc05_day4.wav
file044_033600000_loc05_day4,file044_033600000_loc05_day4.wav
file044_039360000_loc05_day4,file044_039360000_loc05_day4.wav
file044_042240000_loc05_day4,file044_042240000_loc05_day4.wav
file044_048480000_loc05_day4,file044_048480000_loc05_day4.wav
file044_049920000_loc05_day4,file044_049920000_loc05_day4.wav
file044_051360000_loc05_day4,file044_051360000_loc05_day4.wav
file044_054240000_loc05_day4,file044_054240000_loc05_day4.wav
file044_056160000_loc05_day4,file044_056160000_loc05_day4.wav
file044_058080000_loc05_day4,file044_058080000_loc05_day4.wav
file044_060480000_loc05_day4,file044_060480000_loc05_day4.wav
file046_000000000_loc05_day4,file046_000000000_loc05_day4.wav
file046_049920000_loc05_day4,file046_049920000_loc05_day4.wav
file047_026400000_loc05_day4,file047_026400000_loc05_day4.wav
file047_027360000_loc05_day4,file047_027360000_loc05_day4.wav
file047_028800000_loc05_day4,file047_028800000_loc05_day4.wav
file047_033600000_loc05_day4,file047_033600000_loc05_day4.wav
file047_036000000_loc05_day4,file047_036000000_loc05_day4.wav
file047_037920000_loc05_day4,file047_037920000_loc05_day4.wav
file047_040320000_loc05_day4,file047_040320000_loc05_day4.wav
file047_041760000_loc05_day4,file047_041760000_loc05_day4.wav
file047_043680000_loc05_day4,file047_043680000_loc05_day4.wav
file047_047040000_loc05_day4,file047_047040000_loc05_day4.wav
file047_050400000_loc05_day4,file047_050400000_loc05_day4.wav
file048_000000000_loc01_day1,file048_000000000_loc01_day1.wav
file048_005280000_loc01_day1,file048_005280000_loc01_day1.wav
file048_038400000_loc01_day1,file048_038400000_loc01_day1.wav
file048_045120000_loc01_day1,file048_045120000_loc01_day1.wav
file048_046560000_loc01_day1,file048_046560000_loc01_day1.wav
file049_000000000_loc04_day1,file049_000000000_loc04_day1.wav
file049_015840000_loc04_day1,file049_015840000_loc04_day1.wav
file049_023040000_loc04_day1,file049_023040000_loc04_day1.wav
file049_024000000_loc04_day1,file049_024000000_loc04_day1.wav
file049_028320000_loc04_day1,file049_028320000_loc04_day1.wav
file049_030720000_loc04_day1,file049_030720000_loc04_day1.wav
file049_032160000_loc04_day1,file049_032160000_loc04_day1.wav
file049_036000000_loc04_day1,file049_036000000_loc04_day1.wav
file049_040320000_loc04_day1,file049_040320000_loc04_day1.wav
file049_041760000_loc04_day1,file049_041760000_loc04_day1.wav
file049_043680000_loc04_day1,file049_043680000_loc04_day1.wav
file049_051360000_loc04_day1,file049_051360000_loc04_day1.wav
file049_052800000_loc04_day1,file049_052800000_loc04_day1.wav
file050_000000000_loc04_day1,file050_000000000_loc04_day1.wav
file050_032160000_loc04_day1,file050_032160000_loc04_day1.wav
file050_047520000_loc04_day1,file050_047520000_loc04_day1.wav
file051_000000000_loc04_day1,file051_000000000_loc04_day1.wav
file051_012960000_loc04_day1,file051_012960000_loc04_day1.wav
file051_048960000_loc04_day1,file051_048960000_loc04_day1.wav
file051_053280000_loc04_day1,file051_053280000_loc04_day1.wav
file052_000000000_loc04_day1,file052_000000000_loc04_day1.wav
file052_020160000_loc04_day1,file052_020160000_loc04_day1.wav
file052_024960000_loc04_day1,file052_024960000_loc04_day1.wav
file052_026880000_loc04_day1,file052_026880000_loc04_day1.wav
file052_029760000_loc04_day1,file052_029760000_loc04_day1.wav
file052_042720000_loc04_day1,file052_042720000_loc04_day1.wav
file053_000000000_loc04_day1,file053_000000000_loc04_day1.wav
file054_000480000_loc04_day1,file054_000480000_loc04_day1.wav
file054_039360000_loc04_day1,file054_039360000_loc04_day1.wav
file054_040320000_loc04_day1,file054_040320000_loc04_day1.wav
file054_055200000_loc04_day1,file054_055200000_loc04_day1.wav
file055_000000000_loc04_day1,file055_000000000_loc04_day1.wav
file055_052320000_loc04_day1,file055_052320000_loc04_day1.wav
file056_000000000_loc10_day1,file056_000000000_loc10_day1.wav
file056_001440000_loc10_day1,file056_001440000_loc10_day1.wav
file056_002400000_loc10_day1,file056_002400000_loc10_day1.wav
file056_007680000_loc10_day1,file056_007680000_loc10_day1.wav
file056_010560000_loc10_day1,file056_010560000_loc10_day1.wav
file056_012000000_loc10_day1,file056_012000000_loc10_day1.wav
file056_053760000_loc10_day1,file056_053760000_loc10_day1.wav
file057_000000000_loc10_day1,file057_000000000_loc10_day1.wav
file057_000960000_loc10_day1,file057_000960000_loc10_day1.wav
file057_001920000_loc10_day1,file057_001920000_loc10_day1.wav
file057_004800000_loc10_day1,file057_004800000_loc10_day1.wav
file057_009120000_loc10_day1,file057_009120000_loc10_day1.wav
file057_013920000_loc10_day1,file057_013920000_loc10_day1.wav
file057_014880000_loc10_day1,file057_014880000_loc10_day1.wav
file057_015840000_loc10_day1,file057_015840000_loc10_day1.wav
file057_017760000_loc10_day1,file057_017760000_loc10_day1.wav
file057_022560000_loc10_day1,file057_022560000_loc10_day1.wav
file057_047040000_loc10_day1,file057_047040000_loc10_day1.wav
file057_051360000_loc10_day1,file057_051360000_loc10_day1.wav
file057_052800000_loc10_day1,file057_052800000_loc10_day1.wav
file057_054720000_loc10_day1,file057_054720000_loc10_day1.wav
file058_000480000_loc10_day1,file058_000480000_loc10_day1.wav
file058_001440000_loc10_day1,file058_001440000_loc10_day1.wav
file058_002400000_loc10_day1,file058_002400000_loc10_day1.wav
file058_004800000_loc10_day1,file058_004800000_loc10_day1.wav
file058_005760000_loc10_day1,file058_005760000_loc10_day1.wav
file058_007200000_loc10_day1,file058_007200000_loc10_day1.wav
file058_009120000_loc10_day1,file058_009120000_loc10_day1.wav
file058_012960000_loc10_day1,file058_012960000_loc10_day1.wav
file058_015360000_loc10_day1,file058_015360000_loc10_day1.wav
file058_020640000_loc10_day1,file058_020640000_loc10_day1.wav
file058_022080000_loc10_day1,file058_022080000_loc10_day1.wav
file058_023040000_loc10_day1,file058_023040000_loc10_day1.wav
file058_026400000_loc10_day1,file058_026400000_loc10_day1.wav
file058_029760000_loc10_day1,file058_029760000_loc10_day1.wav
file058_030720000_loc10_day1,file058_030720000_loc10_day1.wav
file058_035520000_loc10_day1,file058_035520000_loc10_day1.wav
file058_037920000_loc10_day1,file058_037920000_loc10_day1.wav
file058_038880000_loc10_day1,file058_038880000_loc10_day1.wav
file058_042240000_loc10_day1,file058_042240000_loc10_day1.wav
file058_046560000_loc10_day1,file058_046560000_loc10_day1.wav
file058_048000000_loc10_day1,file058_048000000_loc10_day1.wav
file058_051840000_loc10_day1,file058_051840000_loc10_day1.wav
file058_053760000_loc10_day1,file058_053760000_loc10_day1.wav
file058_055680000_loc10_day1,file058_055680000_loc10_day1.wav
file059_000000000_loc12_day1,file059_000000000_loc12_day1.wav
file059_008640000_loc12_day1,file059_008640000_loc12_day1.wav
file059_015840000_loc12_day1,file059_015840000_loc12_day1.wav
file059_027360000_loc12_day1,file059_027360000_loc12_day1.wav
file059_045600000_loc12_day1,file059_045600000_loc12_day1.wav
file060_000000000_loc10_day2,file060_000000000_loc10_day2.wav
file060_011040000_loc10_day2,file060_011040000_loc10_day2.wav
file061_000000000_loc10_day2,file061_000000000_loc10_day2.wav
file062_000000000_loc10_day2,file062_000000000_loc10_day2.wav
file063_000000000_loc13_day1,file063_000000000_loc13_day1.wav
file064_000000000_loc13_day1,file064_000000000_loc13_day1.wav
file065_000000000_loc13_day1,file065_000000000_loc13_day1.wav
file065_051840000_loc13_day1,file065_051840000_loc13_day1.wav
file066_000000000_loc10_day3,file066_000000000_loc10_day3.wav
file066_009120000_loc10_day3,file066_009120000_loc10_day3.wav
file066_027360000_loc10_day3,file066_027360000_loc10_day3.wav
file066_047520000_loc10_day3,file066_047520000_loc10_day3.wav
file067_001440000_loc10_day3,file067_001440000_loc10_day3.wav
file067_021120000_loc10_day3,file067_021120000_loc10_day3.wav
file067_025920000_loc10_day3,file067_025920000_loc10_day3.wav
file067_033600000_loc10_day3,file067_033600000_loc10_day3.wav
file067_046560000_loc10_day3,file067_046560000_loc10_day3.wav
file067_048960000_loc10_day3,file067_048960000_loc10_day3.wav
file067_049920000_loc10_day3,file067_049920000_loc10_day3.wav
file067_051840000_loc10_day3,file067_051840000_loc10_day3.wav
file067_052800000_loc10_day3,file067_052800000_loc10_day3.wav
file067_058080000_loc10_day3,file067_058080000_loc10_day3.wav
file068_000960000_loc10_day3,file068_000960000_loc10_day3.wav
file068_022560000_loc10_day3,file068_022560000_loc10_day3.wav
file068_025440000_loc10_day3,file068_025440000_loc10_day3.wav
file068_026880000_loc10_day3,file068_026880000_loc10_day3.wav
file068_028800000_loc10_day3,file068_028800000_loc10_day3.wav
file068_029760000_loc10_day3,file068_029760000_loc10_day3.wav
file068_031680000_loc10_day3,file068_031680000_loc10_day3.wav
file068_034080000_loc10_day3,file068_034080000_loc10_day3.wav
file068_035520000_loc10_day3,file068_035520000_loc10_day3.wav
file069_000480000_loc10_day3,file069_000480000_loc10_day3.wav
file069_001920000_loc10_day3,file069_001920000_loc10_day3.wav
file069_005280000_loc10_day3,file069_005280000_loc10_day3.wav
file069_006240000_loc10_day3,file069_006240000_loc10_day3.wav
file069_029760000_loc10_day3,file069_029760000_loc10_day3.wav
file069_031680000_loc10_day3,file069_031680000_loc10_day3.wav
file069_034560000_loc10_day3,file069_034560000_loc10_day3.wav
file069_040800000_loc10_day3,file069_040800000_loc10_day3.wav
file069_043680000_loc10_day3,file069_043680000_loc10_day3.wav
file069_054240000_loc10_day3,file069_054240000_loc10_day3.wav
file069_057600000_loc10_day3,file069_057600000_loc10_day3.wav
file070_000000000_loc29_day1,file070_000000000_loc29_day1.wav
file070_010080000_loc29_day1,file070_010080000_loc29_day1.wav
file070_016320000_loc29_day1,file070_016320000_loc29_day1.wav
file070_021600000_loc29_day1,file070_021600000_loc29_day1.wav
file070_022560000_loc29_day1,file070_022560000_loc29_day1.wav
file070_024480000_loc29_day1,file070_024480000_loc29_day1.wav
file070_027360000_loc29_day1,file070_027360000_loc29_day1.wav
file070_030240000_loc29_day1,file070_030240000_loc29_day1.wav
file070_031680000_loc29_day1,file070_031680000_loc29_day1.wav
file070_034080000_loc29_day1,file070_034080000_loc29_day1.wav
file070_035520000_loc29_day1,file070_035520000_loc29_day1.wav
file070_037920000_loc29_day1,file070_037920000_loc29_day1.wav
file070_040320000_loc29_day1,file070_040320000_loc29_day1.wav
file070_041280000_loc29_day1,file070_041280000_loc29_day1.wav
file070_049440000_loc29_day1,file070_049440000_loc29_day1.wav
file070_053760000_loc29_day1,file070_053760000_loc29_day1.wav
file070_056160000_loc29_day1,file070_056160000_loc29_day1.wav
file070_057120000_loc29_day1,file070_057120000_loc29_day1.wav
file071_000000000_loc29_day1,file071_000000000_loc29_day1.wav
file071_002400000_loc29_day1,file071_002400000_loc29_day1.wav
file071_009120000_loc29_day1,file071_009120000_loc29_day1.wav
file071_015840000_loc29_day1,file071_015840000_loc29_day1.wav
file071_024480000_loc29_day1,file071_024480000_loc29_day1.wav
file071_029280000_loc29_day1,file071_029280000_loc29_day1.wav
file072_000000000_loc31_day1,file072_000000000_loc31_day1.wav
file073_000000000_loc31_day1,file073_000000000_loc31_day1.wav
file074_000000000_loc31_day1,file074_000000000_loc31_day1.wav
file074_031200000_loc31_day1,file074_031200000_loc31_day1.wav
file075_000000000_loc31_day1,file075_000000000_loc31_day1.wav
file076_000000000_loc31_day1,file076_000000000_loc31_day1.wav
file077_000000000_loc31_day1,file077_000000000_loc31_day1.wav
file078_000000000_loc31_day1,file078_000000000_loc31_day1.wav
file078_004320000_loc31_day1,file078_004320000_loc31_day1.wav
file078_016320000_loc31_day1,file078_016320000_loc31_day1.wav
file080_000000000_loc36_day1,file080_000000000_loc36_day1.wav
file080_003840000_loc36_day1,file080_003840000_loc36_day1.wav
file080_007680000_loc36_day1,file080_007680000_loc36_day1.wav
file080_017760000_loc36_day1,file080_017760000_loc36_day1.wav
file080_021120000_loc36_day1,file080_021120000_loc36_day1.wav
file080_033120000_loc36_day1,file080_033120000_loc36_day1.wav
file080_044640000_loc36_day1,file080_044640000_loc36_day1.wav
file080_045600000_loc36_day1,file080_045600000_loc36_day1.wav
file080_057600000_loc36_day1,file080_057600000_loc36_day1.wav
file081_000000000_loc36_day1,file081_000000000_loc36_day1.wav
file081_007680000_loc36_day1,file081_007680000_loc36_day1.wav
file081_031680000_loc36_day1,file081_031680000_loc36_day1.wav
file081_040800000_loc36_day1,file081_040800000_loc36_day1.wav
file081_044640000_loc36_day1,file081_044640000_loc36_day1.wav
file081_055200000_loc36_day1,file081_055200000_loc36_day1.wav
file081_057600000_loc36_day1,file081_057600000_loc36_day1.wav
file082_000000000_loc36_day1,file082_000000000_loc36_day1.wav
file082_021600000_loc36_day1,file082_021600000_loc36_day1.wav
file082_023520000_loc36_day1,file082_023520000_loc36_day1.wav
file082_026880000_loc36_day1,file082_026880000_loc36_day1.wav
file082_034560000_loc36_day1,file082_034560000_loc36_day1.wav
file082_040320000_loc36_day1,file082_040320000_loc36_day1.wav
file082_051360000_loc36_day1,file082_051360000_loc36_day1.wav
file082_090240000_loc36_day1,file082_090240000_loc36_day1.wav
file082_091680000_loc36_day1,file082_091680000_loc36_day1.wav
file082_099360000_loc36_day1,file082_099360000_loc36_day1.wav
file082_116160000_loc36_day1,file082_116160000_loc36_day1.wav
file083_000000000_loc38_day1,file083_000000000_loc38_day1.wav
file084_000000000_loc38_day1,file084_000000000_loc38_day1.wav
file084_015360000_loc38_day1,file084_015360000_loc38_day1.wav
file084_018240000_loc38_day1,file084_018240000_loc38_day1.wav
file084_031680000_loc38_day1,file084_031680000_loc38_day1.wav
file084_044160000_loc38_day1,file084_044160000_loc38_day1.wav
file085_000000000_loc38_day1,file085_000000000_loc38_day1.wav
file085_052320000_loc38_day1,file085_052320000_loc38_day1.wav
file086_000000000_loc38_day1,file086_000000000_loc38_day1.wav
file086_020640000_loc38_day1,file086_020640000_loc38_day1.wav
file086_029760000_loc38_day1,file086_029760000_loc38_day1.wav
file086_035040000_loc38_day1,file086_035040000_loc38_day1.wav
file086_052800000_loc38_day1,file086_052800000_loc38_day1.wav
file086_080640000_loc38_day1,file086_080640000_loc38_day1.wav
file087_000000000_loc38_day1,file087_000000000_loc38_day1.wav
file087_016320000_loc38_day1,file087_016320000_loc38_day1.wav
file087_021120000_loc38_day1,file087_021120000_loc38_day1.wav
file087_022080000_loc38_day1,file087_022080000_loc38_day1.wav
file087_058080000_loc38_day1,file087_058080000_loc38_day1.wav
file087_062400000_loc38_day1,file087_062400000_loc38_day1.wav
file087_064800000_loc38_day1,file087_064800000_loc38_day1.wav
file087_066240000_loc38_day1,file087_066240000_loc38_day1.wav
file087_081600000_loc38_day1,file087_081600000_loc38_day1.wav
file088_000000000_loc38_day1,file088_000000000_loc38_day1.wav
file088_005760000_loc38_day1,file088_005760000_loc38_day1.wav
file088_014880000_loc38_day1,file088_014880000_loc38_day1.wav
file088_016320000_loc38_day1,file088_016320000_loc38_day1.wav
file088_023520000_loc38_day1,file088_023520000_loc38_day1.wav
file089_000000000_loc38_day1,file089_000000000_loc38_day1.wav
file089_018720000_loc38_day1,file089_018720000_loc38_day1.wav
file090_000000000_loc38_day1,file090_000000000_loc38_day1.wav
file090_015840000_loc38_day1,file090_015840000_loc38_day1.wav
file090_018720000_loc38_day1,file090_018720000_loc38_day1.wav
file090_020640000_loc38_day1,file090_020640000_loc38_day1.wav
file090_026880000_loc38_day1,file090_026880000_loc38_day1.wav
file090_031680000_loc38_day1,file090_031680000_loc38_day1.wav
file090_033120000_loc38_day1,file090_033120000_loc38_day1.wav
file090_037440000_loc38_day1,file090_037440000_loc38_day1.wav
file090_062880000_loc38_day1,file090_062880000_loc38_day1.wav
file090_066720000_loc38_day1,file090_066720000_loc38_day1.wav
file091_000000000_loc38_day1,file091_000000000_loc38_day1.wav
file091_014400000_loc38_day1,file091_014400000_loc38_day1.wav
file091_016320000_loc38_day1,file091_016320000_loc38_day1.wav
file091_021120000_loc38_day1,file091_021120000_loc38_day1.wav
file091_022080000_loc38_day1,file091_022080000_loc38_day1.wav
file091_024480000_loc38_day1,file091_024480000_loc38_day1.wav
file091_025920000_loc38_day1,file091_025920000_loc38_day1.wav
file091_027840000_loc38_day1,file091_027840000_loc38_day1.wav
file091_031200000_loc38_day1,file091_031200000_loc38_day1.wav
file091_034560000_loc38_day1,file091_034560000_loc38_day1.wav
file091_038400000_loc38_day1,file091_038400000_loc38_day1.wav
file091_039360000_loc38_day1,file091_039360000_loc38_day1.wav
file091_040800000_loc38_day1,file091_040800000_loc38_day1.wav
file091_041760000_loc38_day1,file091_041760000_loc38_day1.wav
file091_042720000_loc38_day1,file091_042720000_loc38_day1.wav
file091_044160000_loc38_day1,file091_044160000_loc38_day1.wav
file091_047520000_loc38_day1,file091_047520000_loc38_day1.wav
file091_048960000_loc38_day1,file091_048960000_loc38_day1.wav
file091_051840000_loc38_day1,file091_051840000_loc38_day1.wav
file091_053280000_loc38_day1,file091_053280000_loc38_day1.wav
file091_055200000_loc38_day1,file091_055200000_loc38_day1.wav
file091_057600000_loc38_day1,file091_057600000_loc38_day1.wav
file091_063360000_loc38_day1,file091_063360000_loc38_day1.wav
file091_065280000_loc38_day1,file091_065280000_loc38_day1.wav
file091_072480000_loc38_day1,file091_072480000_loc38_day1.wav
file091_074880000_loc38_day1,file091_074880000_loc38_day1.wav
file091_075840000_loc38_day1,file091_075840000_loc38_day1.wav
file091_077760000_loc38_day1,file091_077760000_loc38_day1.wav
file091_081600000_loc38_day1,file091_081600000_loc38_day1.wav
file091_090720000_loc38_day1,file091_090720000_loc38_day1.wav
file092_000000000_loc38_day1,file092_000000000_loc38_day1.wav
file092_029280000_loc38_day1,file092_029280000_loc38_day1.wav
file093_000000000_loc09_day1,file093_000000000_loc09_day1.wav
file093_024000000_loc09_day1,file093_024000000_loc09_day1.wav
file093_030240000_loc09_day1,file093_030240000_loc09_day1.wav
file094_000000000_loc09_day1,file094_000000000_loc09_day1.wav
file094_033120000_loc09_day1,file094_033120000_loc09_day1.wav
file094_037920000_loc09_day1,file094_037920000_loc09_day1.wav
file094_044640000_loc09_day1,file094_044640000_loc09_day1.wav
file094_046080000_loc09_day1,file094_046080000_loc09_day1.wav
file094_057600000_loc09_day1,file094_057600000_loc09_day1.wav
file095_000000000_loc09_day1,file095_000000000_loc09_day1.wav
file095_011040000_loc09_day1,file095_011040000_loc09_day1.wav
file095_025440000_loc09_day1,file095_025440000_loc09_day1.wav
file095_028800000_loc09_day1,file095_028800000_loc09_day1.wav
file095_054240000_loc09_day1,file095_054240000_loc09_day1.wav
file095_056160000_loc09_day1,file095_056160000_loc09_day1.wav
file096_000000000_loc09_day1,file096_000000000_loc09_day1.wav
file096_024480000_loc09_day1,file096_024480000_loc09_day1.wav
file096_036960000_loc09_day1,file096_036960000_loc09_day1.wav
file097_000000000_loc09_day1,file097_000000000_loc09_day1.wav
file097_031200000_loc09_day1,file097_031200000_loc09_day1.wav
file097_042240000_loc09_day1,file097_042240000_loc09_day1.wav
file097_045120000_loc09_day1,file097_045120000_loc09_day1.wav
file097_050400000_loc09_day1,file097_050400000_loc09_day1.wav
file097_054720000_loc09_day1,file097_054720000_loc09_day1.wav
file098_000000000_loc09_day2,file098_000000000_loc09_day2.wav
file098_012000000_loc09_day2,file098_012000000_loc09_day2.wav
file098_019680000_loc09_day2,file098_019680000_loc09_day2.wav
file098_028800000_loc09_day2,file098_028800000_loc09_day2.wav
file098_045120000_loc09_day2,file098_045120000_loc09_day2.wav
file098_052800000_loc09_day2,file098_052800000_loc09_day2.wav
file098_058080000_loc09_day2,file098_058080000_loc09_day2.wav
file099_001440000_loc09_day2,file099_001440000_loc09_day2.wav
file099_019680000_loc09_day2,file099_019680000_loc09_day2.wav
file099_024960000_loc09_day2,file099_024960000_loc09_day2.wav
file099_038400000_loc09_day2,file099_038400000_loc09_day2.wav
file100_000000000_loc09_day2,file100_000000000_loc09_day2.wav
file100_032640000_loc09_day2,file100_032640000_loc09_day2.wav
file100_036480000_loc09_day2,file100_036480000_loc09_day2.wav
file100_037440000_loc09_day2,file100_037440000_loc09_day2.wav
file100_041760000_loc09_day2,file100_041760000_loc09_day2.wav
file101_000000000_loc09_day2,file101_000000000_loc09_day2.wav
file101_000960000_loc09_day2,file101_000960000_loc09_day2.wav
file101_019200000_loc09_day2,file101_019200000_loc09_day2.wav
file101_020640000_loc09_day2,file101_020640000_loc09_day2.wav
file101_026880000_loc09_day2,file101_026880000_loc09_day2.wav
file102_000000000_loc09_day2,file102_000000000_loc09_day2.wav
file103_000000000_loc09_day2,file103_000000000_loc09_day2.wav
file103_033120000_loc09_day2,file103_033120000_loc09_day2.wav
file103_035040000_loc09_day2,file103_035040000_loc09_day2.wav
file103_038880000_loc09_day2,file103_038880000_loc09_day2.wav
file103_050880000_loc09_day2,file103_050880000_loc09_day2.wav
file104_000000000_loc09_day2,file104_000000000_loc09_day2.wav
file104_002880000_loc09_day2,file104_002880000_loc09_day2.wav
file104_007680000_loc09_day2,file104_007680000_loc09_day2.wav
file104_037920000_loc09_day2,file104_037920000_loc09_day2.wav
file105_000000000_loc09_day2,file105_000000000_loc09_day2.wav
file105_018720000_loc09_day2,file105_018720000_loc09_day2.wav
file106_000000000_loc09_day2,file106_000000000_loc09_day2.wav
file106_027840000_loc09_day2,file106_027840000_loc09_day2.wav
file107_000000000_loc09_day2,file107_000000000_loc09_day2.wav
file108_000000000_loc16_day1,file108_000000000_loc16_day1.wav
file108_026880000_loc16_day1,file108_026880000_loc16_day1.wav
file109_000000000_loc16_day1,file109_000000000_loc16_day1.wav
file111_000000000_loc16_day1,file111_000000000_loc16_day1.wav
file111_008640000_loc16_day1,file111_008640000_loc16_day1.wav
file112_000000000_loc16_day1,file112_000000000_loc16_day1.wav
file112_024480000_loc16_day1,file112_024480000_loc16_day1.wav
file113_013440000_loc16_day1,file113_013440000_loc16_day1.wav
file113_023040000_loc16_day1,file113_023040000_loc16_day1.wav
file113_026400000_loc16_day1,file113_026400000_loc16_day1.wav
file114_000000000_loc18_day1,file114_000000000_loc18_day1.wav
file115_000000000_loc19_day1,file115_000000000_loc19_day1.wav
file116_000000000_loc19_day1,file116_000000000_loc19_day1.wav
file116_022080000_loc19_day1,file116_022080000_loc19_day1.wav
file117_000000000_loc19_day1,file117_000000000_loc19_day1.wav
file117_006720000_loc19_day1,file117_006720000_loc19_day1.wav
file117_033600000_loc19_day1,file117_033600000_loc19_day1.wav
file117_058560000_loc19_day1,file117_058560000_loc19_day1.wav
file118_000000000_loc18_day2,file118_000000000_loc18_day2.wav
file118_004800000_loc18_day2,file118_004800000_loc18_day2.wav
file118_050880000_loc18_day2,file118_050880000_loc18_day2.wav
file118_053280000_loc18_day2,file118_053280000_loc18_day2.wav
file119_000000000_loc18_day2,file119_000000000_loc18_day2.wav
file120_000000000_loc19_day2,file120_000000000_loc19_day2.wav
file120_004320000_loc19_day2,file120_004320000_loc19_day2.wav
file120_014400000_loc19_day2,file120_014400000_loc19_day2.wav
file120_019680000_loc19_day2,file120_019680000_loc19_day2.wav
file120_026400000_loc19_day2,file120_026400000_loc19_day2.wav
file120_027840000_loc19_day2,file120_027840000_loc19_day2.wav
file120_031680000_loc19_day2,file120_031680000_loc19_day2.wav
file120_032640000_loc19_day2,file120_032640000_loc19_day2.wav
file120_035040000_loc19_day2,file120_035040000_loc19_day2.wav
file120_037920000_loc19_day2,file120_037920000_loc19_day2.wav
file120_040320000_loc19_day2,file120_040320000_loc19_day2.wav
file120_042720000_loc19_day2,file120_042720000_loc19_day2.wav
file120_047040000_loc19_day2,file120_047040000_loc19_day2.wav
file120_049920000_loc19_day2,file120_049920000_loc19_day2.wav
file120_051360000_loc19_day2,file120_051360000_loc19_day2.wav
file120_056640000_loc19_day2,file120_056640000_loc19_day2.wav
file121_000000000_loc19_day2,file121_000000000_loc19_day2.wav
file121_002400000_loc19_day2,file121_002400000_loc19_day2.wav
file121_020640000_loc19_day2,file121_020640000_loc19_day2.wav
file121_024000000_loc19_day2,file121_024000000_loc19_day2.wav
file121_025920000_loc19_day2,file121_025920000_loc19_day2.wav
file121_028800000_loc19_day2,file121_028800000_loc19_day2.wav
file121_030240000_loc19_day2,file121_030240000_loc19_day2.wav
file121_031680000_loc19_day2,file121_031680000_loc19_day2.wav
file121_034080000_loc19_day2,file121_034080000_loc19_day2.wav
file121_039360000_loc19_day2,file121_039360000_loc19_day2.wav
file121_043200000_loc19_day2,file121_043200000_loc19_day2.wav
file121_047520000_loc19_day2,file121_047520000_loc19_day2.wav
file121_048960000_loc19_day2,file121_048960000_loc19_day2.wav
file121_049920000_loc19_day2,file121_049920000_loc19_day2.wav
file121_051840000_loc19_day2,file121_051840000_loc19_day2.wav
file121_056640000_loc19_day2,file121_056640000_loc19_day2.wav
file122_001920000_loc19_day2,file122_001920000_loc19_day2.wav
file122_012960000_loc19_day2,file122_012960000_loc19_day2.wav
file122_019680000_loc19_day2,file122_019680000_loc19_day2.wav
file122_020640000_loc19_day2,file122_020640000_loc19_day2.wav
file122_022560000_loc19_day2,file122_022560000_loc19_day2.wav
file122_024960000_loc19_day2,file122_024960000_loc19_day2.wav
file122_028320000_loc19_day2,file122_028320000_loc19_day2.wav
file122_030240000_loc19_day2,file122_030240000_loc19_day2.wav
file122_032640000_loc19_day2,file122_032640000_loc19_day2.wav
file122_033600000_loc19_day2,file122_033600000_loc19_day2.wav
file122_037440000_loc19_day2,file122_037440000_loc19_day2.wav
file122_045120000_loc19_day2,file122_045120000_loc19_day2.wav
file122_047040000_loc19_day2,file122_047040000_loc19_day2.wav
file122_053760000_loc19_day2,file122_053760000_loc19_day2.wav
file122_056160000_loc19_day2,file122_056160000_loc19_day2.wav
file122_057600000_loc19_day2,file122_057600000_loc19_day2.wav
file123_000000000_loc19_day3,file123_000000000_loc19_day3.wav
file123_004800000_loc19_day3,file123_004800000_loc19_day3.wav
file123_007680000_loc19_day3,file123_007680000_loc19_day3.wav
file123_011040000_loc19_day3,file123_011040000_loc19_day3.wav
file123_017280000_loc19_day3,file123_017280000_loc19_day3.wav
file123_041760000_loc19_day3,file123_041760000_loc19_day3.wav
file123_044160000_loc19_day3,file123_044160000_loc19_day3.wav
file123_048000000_loc19_day3,file123_048000000_loc19_day3.wav
file123_053280000_loc19_day3,file123_053280000_loc19_day3.wav
file123_055200000_loc19_day3,file123_055200000_loc19_day3.wav
file124_000000000_loc19_day3,file124_000000000_loc19_day3.wav
file124_003360000_loc19_day3,file124_003360000_loc19_day3.wav
file124_014880000_loc19_day3,file124_014880000_loc19_day3.wav
file124_016800000_loc19_day3,file124_016800000_loc19_day3.wav
file124_024000000_loc19_day3,file124_024000000_loc19_day3.wav
file124_036480000_loc19_day3,file124_036480000_loc19_day3.wav
file124_038400000_loc19_day3,file124_038400000_loc19_day3.wav
file124_044160000_loc19_day3,file124_044160000_loc19_day3.wav
file124_045120000_loc19_day3,file124_045120000_loc19_day3.wav
file124_047520000_loc19_day3,file124_047520000_loc19_day3.wav
file124_048480000_loc19_day3,file124_048480000_loc19_day3.wav
file125_000000000_loc19_day3,file125_000000000_loc19_day3.wav
file125_002880000_loc19_day3,file125_002880000_loc19_day3.wav
file125_012000000_loc19_day3,file125_012000000_loc19_day3.wav
file125_025440000_loc19_day3,file125_025440000_loc19_day3.wav
file125_031200000_loc19_day3,file125_031200000_loc19_day3.wav
file125_047520000_loc19_day3,file125_047520000_loc19_day3.wav
file125_049920000_loc19_day3,file125_049920000_loc19_day3.wav
file125_050880000_loc19_day3,file125_050880000_loc19_day3.wav
file126_000000000_loc23_day1,file126_000000000_loc23_day1.wav
file127_000000000_loc23_day1,file127_000000000_loc23_day1.wav
file127_007680000_loc23_day1,file127_007680000_loc23_day1.wav
file127_012960000_loc23_day1,file127_012960000_loc23_day1.wav
file128_000000000_loc23_day1,file128_000000000_loc23_day1.wav
file128_029760000_loc23_day1,file128_029760000_loc23_day1.wav
file128_043680000_loc23_day1,file128_043680000_loc23_day1.wav
file129_000000000_loc23_day1,file129_000000000_loc23_day1.wav
file129_015360000_loc23_day1,file129_015360000_loc23_day1.wav
file129_054240000_loc23_day1,file129_054240000_loc23_day1.wav
file130_000000000_loc23_day2,file130_000000000_loc23_day2.wav
file130_006240000_loc23_day2,file130_006240000_loc23_day2.wav
file130_029280000_loc23_day2,file130_029280000_loc23_day2.wav
file130_056640000_loc23_day2,file130_056640000_loc23_day2.wav
file131_000000000_loc23_day2,file131_000000000_loc23_day2.wav
file131_004800000_loc23_day2,file131_004800000_loc23_day2.wav
file132_000000000_loc23_day2,file132_000000000_loc23_day2.wav
file132_008640000_loc23_day2,file132_008640000_loc23_day2.wav
file132_014400000_loc23_day2,file132_014400000_loc23_day2.wav
file132_053280000_loc23_day2,file132_053280000_loc23_day2.wav
file133_000000000_loc23_day2,file133_000000000_loc23_day2.wav
file133_009120000_loc23_day2,file133_009120000_loc23_day2.wav
file133_023520000_loc23_day2,file133_023520000_loc23_day2.wav
file133_035520000_loc23_day2,file133_035520000_loc23_day2.wav
file133_036480000_loc23_day2,file133_036480000_loc23_day2.wav
file133_038400000_loc23_day2,file133_038400000_loc23_day2.wav
file133_041280000_loc23_day2,file133_041280000_loc23_day2.wav
file134_000000000_loc23_day2,file134_000000000_loc23_day2.wav
file134_025440000_loc23_day2,file134_025440000_loc23_day2.wav
file134_031680000_loc23_day2,file134_031680000_loc23_day2.wav
file134_037920000_loc23_day2,file134_037920000_loc23_day2.wav
file134_039360000_loc23_day2,file134_039360000_loc23_day2.wav
file134_040320000_loc23_day2,file134_040320000_loc23_day2.wav
file134_041760000_loc23_day2,file134_041760000_loc23_day2.wav
file135_044160000_loc23_day2,file135_044160000_loc23_day2.wav
file135_054240000_loc23_day2,file135_054240000_loc23_day2.wav
file136_000000000_loc26_day1,file136_000000000_loc26_day1.wav
file136_006240000_loc26_day1,file136_006240000_loc26_day1.wav
file136_007680000_loc26_day1,file136_007680000_loc26_day1.wav
file136_015360000_loc26_day1,file136_015360000_loc26_day1.wav
file136_018240000_loc26_day1,file136_018240000_loc26_day1.wav
file136_022560000_loc26_day1,file136_022560000_loc26_day1.wav
file136_023520000_loc26_day1,file136_023520000_loc26_day1.wav
file136_024960000_loc26_day1,file136_024960000_loc26_day1.wav
file136_026400000_loc26_day1,file136_026400000_loc26_day1.wav
file136_029280000_loc26_day1,file136_029280000_loc26_day1.wav
file136_030240000_loc26_day1,file136_030240000_loc26_day1.wav
file136_032640000_loc26_day1,file136_032640000_loc26_day1.wav
file136_035040000_loc26_day1,file136_035040000_loc26_day1.wav
file136_037440000_loc26_day1,file136_037440000_loc26_day1.wav
file136_039360000_loc26_day1,file136_039360000_loc26_day1.wav
file136_041280000_loc26_day1,file136_041280000_loc26_day1.wav
file136_045120000_loc26_day1,file136_045120000_loc26_day1.wav
file136_048960000_loc26_day1,file136_048960000_loc26_day1.wav
file136_051360000_loc26_day1,file136_051360000_loc26_day1.wav
file136_057600000_loc26_day1,file136_057600000_loc26_day1.wav
file137_000000000_loc26_day1,file137_000000000_loc26_day1.wav
file137_002400000_loc26_day1,file137_002400000_loc26_day1.wav
file137_004800000_loc26_day1,file137_004800000_loc26_day1.wav
file137_012480000_loc26_day1,file137_012480000_loc26_day1.wav
file137_024960000_loc26_day1,file137_024960000_loc26_day1.wav
file137_028320000_loc26_day1,file137_028320000_loc26_day1.wav
file137_030240000_loc26_day1,file137_030240000_loc26_day1.wav
file137_036000000_loc26_day1,file137_036000000_loc26_day1.wav
file137_039840000_loc26_day1,file137_039840000_loc26_day1.wav
file137_045600000_loc26_day1,file137_045600000_loc26_day1.wav
file137_048480000_loc26_day1,file137_048480000_loc26_day1.wav
file137_049440000_loc26_day1,file137_049440000_loc26_day1.wav
file137_050880000_loc26_day1,file137_050880000_loc26_day1.wav
file137_057600000_loc26_day1,file137_057600000_loc26_day1.wav
file138_000000000_loc26_day1,file138_000000000_loc26_day1.wav
file138_008160000_loc26_day1,file138_008160000_loc26_day1.wav
file138_013920000_loc26_day1,file138_013920000_loc26_day1.wav
file138_022560000_loc26_day1,file138_022560000_loc26_day1.wav
file138_025440000_loc26_day1,file138_025440000_loc26_day1.wav
file138_029760000_loc26_day1,file138_029760000_loc26_day1.wav
file138_035040000_loc26_day1,file138_035040000_loc26_day1.wav
file138_036000000_loc26_day1,file138_036000000_loc26_day1.wav
file138_038400000_loc26_day1,file138_038400000_loc26_day1.wav
file138_047520000_loc26_day1,file138_047520000_loc26_day1.wav
file139_000000000_loc26_day1,file139_000000000_loc26_day1.wav
file139_032640000_loc26_day1,file139_032640000_loc26_day1.wav
file139_046560000_loc26_day1,file139_046560000_loc26_day1.wav
file139_049920000_loc26_day1,file139_049920000_loc26_day1.wav
file139_052800000_loc26_day1,file139_052800000_loc26_day1.wav
file140_000000000_loc26_day1,file140_000000000_loc26_day1.wav
file140_008640000_loc26_day1,file140_008640000_loc26_day1.wav
file140_035040000_loc26_day1,file140_035040000_loc26_day1.wav
file140_044160000_loc26_day1,file140_044160000_loc26_day1.wav
file140_046080000_loc26_day1,file140_046080000_loc26_day1.wav
file140_055200000_loc26_day1,file140_055200000_loc26_day1.wav
file140_057120000_loc26_day1,file140_057120000_loc26_day1.wav
file141_000000000_loc30_day1,file141_000000000_loc30_day1.wav
file141_002880000_loc30_day1,file141_002880000_loc30_day1.wav
file141_021600000_loc30_day1,file141_021600000_loc30_day1.wav
file141_040320000_loc30_day1,file141_040320000_loc30_day1.wav
file142_000000000_loc30_day1,file142_000000000_loc30_day1.wav
file142_027840000_loc30_day1,file142_027840000_loc30_day1.wav
file143_000000000_loc30_day1,file143_000000000_loc30_day1.wav
file144_000000000_loc34_day1,file144_000000000_loc34_day1.wav
file145_000000000_loc34_day1,file145_000000000_loc34_day1.wav
file145_015360000_loc34_day1,file145_015360000_loc34_day1.wav
file146_000000000_loc34_day1,file146_000000000_loc34_day1.wav
file148_000000000_loc37_day1,file148_000000000_loc37_day1.wav
file148_055200000_loc37_day1,file148_055200000_loc37_day1.wav
file148_056160000_loc37_day1,file148_056160000_loc37_day1.wav
file149_000000000_loc37_day1,file149_000000000_loc37_day1.wav
file149_013920000_loc37_day1,file149_013920000_loc37_day1.wav
file150_000000000_loc37_day1,file150_000000000_loc37_day1.wav
file150_012480000_loc37_day1,file150_012480000_loc37_day1.wav
file150_030720000_loc37_day1,file150_030720000_loc37_day1.wav
file150_036000000_loc37_day1,file150_036000000_loc37_day1.wav
file150_038400000_loc37_day1,file150_038400000_loc37_day1.wav
file150_039360000_loc37_day1,file150_039360000_loc37_day1.wav
file150_054720000_loc37_day1,file150_054720000_loc37_day1.wav
file150_056640000_loc37_day1,file150_056640000_loc37_day1.wav
file151_000480000_loc37_day1,file151_000480000_loc37_day1.wav
file151_008640000_loc37_day1,file151_008640000_loc37_day1.wav
file151_017280000_loc37_day1,file151_017280000_loc37_day1.wav
file151_022560000_loc37_day1,file151_022560000_loc37_day1.wav
file151_024000000_loc37_day1,file151_024000000_loc37_day1.wav
file151_033600000_loc37_day1,file151_033600000_loc37_day1.wav
file151_044640000_loc37_day1,file151_044640000_loc37_day1.wav
file151_051360000_loc37_day1,file151_051360000_loc37_day1.wav
file151_052320000_loc37_day1,file151_052320000_loc37_day1.wav
file151_054240000_loc37_day1,file151_054240000_loc37_day1.wav
file151_062400000_loc37_day1,file151_062400000_loc37_day1.wav
file153_000000000_loc37_day1,file153_000000000_loc37_day1.wav
file153_022560000_loc37_day1,file153_022560000_loc37_day1.wav
file154_000000000_loc37_day1,file154_000000000_loc37_day1.wav
file154_005280000_loc37_day1,file154_005280000_loc37_day1.wav
file155_000000000_loc37_day1,file155_000000000_loc37_day1.wav
file156_000000000_loc37_day1,file156_000000000_loc37_day1.wav
file156_002880000_loc37_day1,file156_002880000_loc37_day1.wav
file156_006240000_loc37_day1,file156_006240000_loc37_day1.wav
file157_000000000_loc43_day1,file157_000000000_loc43_day1.wav
file157_006240000_loc43_day1,file157_006240000_loc43_day1.wav
file158_037440000_loc43_day1,file158_037440000_loc43_day1.wav
file158_039840000_loc43_day1,file158_039840000_loc43_day1.wav
file158_041280000_loc43_day1,file158_041280000_loc43_day1.wav
file158_043680000_loc43_day1,file158_043680000_loc43_day1.wav
file159_009120000_loc43_day1,file159_009120000_loc43_day1.wav
file159_022080000_loc43_day1,file159_022080000_loc43_day1.wav
file159_039840000_loc43_day1,file159_039840000_loc43_day1.wav
file159_060480000_loc43_day1,file159_060480000_loc43_day1.wav
file159_065280000_loc43_day1,file159_065280000_loc43_day1.wav
file159_071520000_loc43_day1,file159_071520000_loc43_day1.wav
file159_076800000_loc43_day1,file159_076800000_loc43_day1.wav
file159_079200000_loc43_day1,file159_079200000_loc43_day1.wav
file159_080160000_loc43_day1,file159_080160000_loc43_day1.wav
file159_087840000_loc43_day1,file159_087840000_loc43_day1.wav
file160_000000000_loc43_day1,file160_000000000_loc43_day1.wav
file160_015360000_loc43_day1,file160_015360000_loc43_day1.wav
file160_016800000_loc43_day1,file160_016800000_loc43_day1.wav
file160_024000000_loc43_day1,file160_024000000_loc43_day1.wav
file160_036000000_loc43_day1,file160_036000000_loc43_day1.wav
file160_074400000_loc43_day1,file160_074400000_loc43_day1.wav
file161_000000000_loc43_day1,file161_000000000_loc43_day1.wav
file161_043680000_loc43_day1,file161_043680000_loc43_day1.wav
file162_000000000_loc43_day1,file162_000000000_loc43_day1.wav
file162_025440000_loc43_day1,file162_025440000_loc43_day1.wav
file163_000000000_loc17_day1,file163_000000000_loc17_day1.wav
file163_031200000_loc17_day1,file163_031200000_loc17_day1.wav
file163_039360000_loc17_day1,file163_039360000_loc17_day1.wav
file163_040320000_loc17_day1,file163_040320000_loc17_day1.wav
file163_041280000_loc17_day1,file163_041280000_loc17_day1.wav
file163_042720000_loc17_day1,file163_042720000_loc17_day1.wav
file163_044160000_loc17_day1,file163_044160000_loc17_day1.wav
file163_045600000_loc17_day1,file163_045600000_loc17_day1.wav
file163_048480000_loc17_day1,file163_048480000_loc17_day1.wav
file163_049920000_loc17_day1,file163_049920000_loc17_day1.wav
file163_052320000_loc17_day1,file163_052320000_loc17_day1.wav
file163_055200000_loc17_day1,file163_055200000_loc17_day1.wav
file164_000480000_loc17_day1,file164_000480000_loc17_day1.wav
file164_001440000_loc17_day1,file164_001440000_loc17_day1.wav
file164_005280000_loc17_day1,file164_005280000_loc17_day1.wav
file164_007200000_loc17_day1,file164_007200000_loc17_day1.wav
file164_010560000_loc17_day1,file164_010560000_loc17_day1.wav
file164_013440000_loc17_day1,file164_013440000_loc17_day1.wav
file164_024960000_loc17_day1,file164_024960000_loc17_day1.wav
file164_029280000_loc17_day1,file164_029280000_loc17_day1.wav
file164_031200000_loc17_day1,file164_031200000_loc17_day1.wav
file164_034560000_loc17_day1,file164_034560000_loc17_day1.wav
file164_040320000_loc17_day1,file164_040320000_loc17_day1.wav
file164_045120000_loc17_day1,file164_045120000_loc17_day1.wav
file164_048000000_loc17_day1,file164_048000000_loc17_day1.wav
file165_000000000_loc17_day1,file165_000000000_loc17_day1.wav
file165_005280000_loc17_day1,file165_005280000_loc17_day1.wav
file165_010080000_loc17_day1,file165_010080000_loc17_day1.wav
file165_021120000_loc17_day1,file165_021120000_loc17_day1.wav
file165_024960000_loc17_day1,file165_024960000_loc17_day1.wav
file165_029760000_loc17_day1,file165_029760000_loc17_day1.wav
file165_033120000_loc17_day1,file165_033120000_loc17_day1.wav
file165_058080000_loc17_day1,file165_058080000_loc17_day1.wav
file166_000000000_loc17_day1,file166_000000000_loc17_day1.wav
file166_019680000_loc17_day1,file166_019680000_loc17_day1.wav
file166_022560000_loc17_day1,file166_022560000_loc17_day1.wav
file166_027840000_loc17_day1,file166_027840000_loc17_day1.wav
file166_029280000_loc17_day1,file166_029280000_loc17_day1.wav
file166_030720000_loc17_day1,file166_030720000_loc17_day1.wav
file166_033600000_loc17_day1,file166_033600000_loc17_day1.wav
file166_043200000_loc17_day1,file166_043200000_loc17_day1.wav
file166_045600000_loc17_day1,file166_045600000_loc17_day1.wav
file166_047040000_loc17_day1,file166_047040000_loc17_day1.wav
file166_048000000_loc17_day1,file166_048000000_loc17_day1.wav
file166_049440000_loc17_day1,file166_049440000_loc17_day1.wav
file166_050400000_loc17_day1,file166_050400000_loc17_day1.wav
file166_055200000_loc17_day1,file166_055200000_loc17_day1.wav
file167_000000000_loc17_day1,file167_000000000_loc17_day1.wav
file167_000960000_loc17_day1,file167_000960000_loc17_day1.wav
file167_004800000_loc17_day1,file167_004800000_loc17_day1.wav
file167_006240000_loc17_day1,file167_006240000_loc17_day1.wav
file167_007200000_loc17_day1,file167_007200000_loc17_day1.wav
file167_008160000_loc17_day1,file167_008160000_loc17_day1.wav
file167_010560000_loc17_day1,file167_010560000_loc17_day1.wav
file167_013440000_loc17_day1,file167_013440000_loc17_day1.wav
file167_018240000_loc17_day1,file167_018240000_loc17_day1.wav
file167_019680000_loc17_day1,file167_019680000_loc17_day1.wav
file167_022080000_loc17_day1,file167_022080000_loc17_day1.wav
file167_023040000_loc17_day1,file167_023040000_loc17_day1.wav
file167_027360000_loc17_day1,file167_027360000_loc17_day1.wav
file167_029760000_loc17_day1,file167_029760000_loc17_day1.wav
file167_030720000_loc17_day1,file167_030720000_loc17_day1.wav
file167_032640000_loc17_day1,file167_032640000_loc17_day1.wav
file167_036480000_loc17_day1,file167_036480000_loc17_day1.wav
file167_039360000_loc17_day1,file167_039360000_loc17_day1.wav
file167_040320000_loc17_day1,file167_040320000_loc17_day1.wav
file167_042240000_loc17_day1,file167_042240000_loc17_day1.wav
file167_044640000_loc17_day1,file167_044640000_loc17_day1.wav
file167_046560000_loc17_day1,file167_046560000_loc17_day1.wav
file167_047520000_loc17_day1,file167_047520000_loc17_day1.wav
file167_053280000_loc17_day1,file167_053280000_loc17_day1.wav
file167_055680000_loc17_day1,file167_055680000_loc17_day1.wav
file167_057120000_loc17_day1,file167_057120000_loc17_day1.wav
file168_000000000_loc17_day2,file168_000000000_loc17_day2.wav
file168_002400000_loc17_day2,file168_002400000_loc17_day2.wav
file168_025920000_loc17_day2,file168_025920000_loc17_day2.wav
file169_000000000_loc17_day2,file169_000000000_loc17_day2.wav
file169_006720000_loc17_day2,file169_006720000_loc17_day2.wav
file170_000000000_loc17_day2,file170_000000000_loc17_day2.wav
file171_000000000_loc17_day2,file171_000000000_loc17_day2.wav
file172_000000000_loc17_day2,file172_000000000_loc17_day2.wav
file172_007200000_loc17_day2,file172_007200000_loc17_day2.wav
file172_030720000_loc17_day2,file172_030720000_loc17_day2.wav
file173_000000000_loc17_day2,file173_000000000_loc17_day2.wav
file177_017280000_loc27_day1,file177_017280000_loc27_day1.wav
file177_040320000_loc27_day1,file177_040320000_loc27_day1.wav
file178_000000000_loc27_day1,file178_000000000_loc27_day1.wav
file178_053760000_loc27_day1,file178_053760000_loc27_day1.wav
file180_000000000_loc27_day1,file180_000000000_loc27_day1.wav
file181_000000000_loc39_day1,file181_000000000_loc39_day1.wav
file181_031680000_loc39_day1,file181_031680000_loc39_day1.wav
file182_000000000_loc39_day2,file182_000000000_loc39_day2.wav
file182_063360000_loc39_day2,file182_063360000_loc39_day2.wav
file183_000000000_loc39_day2,file183_000000000_loc39_day2.wav
file184_000000000_loc39_day2,file184_000000000_loc39_day2.wav
file184_053280000_loc39_day2,file184_053280000_loc39_day2.wav
file185_000000000_loc41_day1,file185_000000000_loc41_day1.wav
file185_035520000_loc41_day1,file185_035520000_loc41_day1.wav
file185_037440000_loc41_day1,file185_037440000_loc41_day1.wav
file185_040800000_loc41_day1,file185_040800000_loc41_day1.wav
file185_041760000_loc41_day1,file185_041760000_loc41_day1.wav
file185_043200000_loc41_day1,file185_043200000_loc41_day1.wav
file185_048960000_loc41_day1,file185_048960000_loc41_day1.wav
file185_051360000_loc41_day1,file185_051360000_loc41_day1.wav
file185_085920000_loc41_day1,file185_085920000_loc41_day1.wav
file186_000000000_loc41_day1,file186_000000000_loc41_day1.wav
file186_072000000_loc41_day1,file186_072000000_loc41_day1.wav
file187_000000000_loc41_day1,file187_000000000_loc41_day1.wav
file187_026400000_loc41_day1,file187_026400000_loc41_day1.wav
file187_035520000_loc41_day1,file187_035520000_loc41_day1.wav
file187_039360000_loc41_day1,file187_039360000_loc41_day1.wav
file187_084000000_loc41_day1,file187_084000000_loc41_day1.wav
file187_086400000_loc41_day1,file187_086400000_loc41_day1.wav
file188_001920000_loc41_day1,file188_001920000_loc41_day1.wav
file188_038400000_loc41_day1,file188_038400000_loc41_day1.wav
file188_064800000_loc41_day1,file188_064800000_loc41_day1.wav
